Country,Year,cause,percentage
Afghanistan,2004,Cardiovascular diseases (%),23.3
Afghanistan,2004,Cancers (%),5.3
Afghanistan,2004,Respiratory diseases (%),2.9
Afghanistan,2004,Diabetes (%),5.2
Afghanistan,2004,Dementia (%),0.7
Afghanistan,2004,Lower respiratory infections (%),10.7
Afghanistan,2004,Neonatal deaths (%),9.1
Afghanistan,2004,Diarrheal diseases (%),4.2
Afghanistan,2004,Road incidents (%),4.8
Afghanistan,2004,Liver disease (%),1.1
Albania,2004,Cardiovascular diseases (%),55
Albania,2004,Cancers (%),18.6
Albania,2004,Respiratory diseases (%),3.7
Albania,2004,Diabetes (%),3.3
Albania,2004,Dementia (%),3.1
Albania,2004,Lower respiratory infections (%),2.9
Albania,2004,Neonatal deaths (%),1.6
Albania,2004,Diarrheal diseases (%),0.1
Albania,2004,Road incidents (%),1.6
Albania,2004,Liver disease (%),1.3
Algeria,2004,Cardiovascular diseases (%),34.9
Algeria,2004,Cancers (%),9
Algeria,2004,Respiratory diseases (%),3.1
Algeria,2004,Diabetes (%),7.3
Algeria,2004,Dementia (%),4.5
Algeria,2004,Lower respiratory infections (%),4.3
Algeria,2004,Neonatal deaths (%),10
Algeria,2004,Diarrheal diseases (%),0.6
Algeria,2004,Road incidents (%),6.5
Algeria,2004,Liver disease (%),1.8
Angola,2004,Cardiovascular diseases (%),9.5
Angola,2004,Cancers (%),4
Angola,2004,Respiratory diseases (%),1.5
Angola,2004,Diabetes (%),1.8
Angola,2004,Dementia (%),0.5
Angola,2004,Lower respiratory infections (%),10
Angola,2004,Neonatal deaths (%),8.8
Angola,2004,Diarrheal diseases (%),18.2
Angola,2004,Road incidents (%),2.7
Angola,2004,Liver disease (%),1.6
Antigua and Barbuda,2004,Cardiovascular diseases (%),34.3
Antigua and Barbuda,2004,Cancers (%),18.4
Antigua and Barbuda,2004,Respiratory diseases (%),1.9
Antigua and Barbuda,2004,Diabetes (%),14.8
Antigua and Barbuda,2004,Dementia (%),4.2
Antigua and Barbuda,2004,Lower respiratory infections (%),5.1
Antigua and Barbuda,2004,Neonatal deaths (%),2.1
Antigua and Barbuda,2004,Diarrheal diseases (%),0.3
Antigua and Barbuda,2004,Road incidents (%),1.5
Antigua and Barbuda,2004,Liver disease (%),2.1
Argentina,2004,Cardiovascular diseases (%),35
Argentina,2004,Cancers (%),21.6
Argentina,2004,Respiratory diseases (%),6.1
Argentina,2004,Diabetes (%),7.7
Argentina,2004,Dementia (%),3.8
Argentina,2004,Lower respiratory infections (%),7.1
Argentina,2004,Neonatal deaths (%),1.8
Argentina,2004,Diarrheal diseases (%),0.2
Argentina,2004,Road incidents (%),1.9
Argentina,2004,Liver disease (%),2.1
Armenia,2004,Cardiovascular diseases (%),51.7
Armenia,2004,Cancers (%),18.6
Armenia,2004,Respiratory diseases (%),4.9
Armenia,2004,Diabetes (%),6.8
Armenia,2004,Dementia (%),2.5
Armenia,2004,Lower respiratory infections (%),1.7
Armenia,2004,Neonatal deaths (%),1.5
Armenia,2004,Diarrheal diseases (%),0.2
Armenia,2004,Road incidents (%),1.3
Armenia,2004,Liver disease (%),2.6
Australia,2004,Cardiovascular diseases (%),35.6
Australia,2004,Cancers (%),28.3
Australia,2004,Respiratory diseases (%),5.9
Australia,2004,Diabetes (%),6.1
Australia,2004,Dementia (%),7.5
Australia,2004,Lower respiratory infections (%),2.3
Australia,2004,Neonatal deaths (%),0.5
Australia,2004,Diarrheal diseases (%),0.1
Australia,2004,Road incidents (%),1.4
Australia,2004,Liver disease (%),1.2
Austria,2004,Cardiovascular diseases (%),42.6
Austria,2004,Cancers (%),24.9
Austria,2004,Respiratory diseases (%),4.2
Austria,2004,Diabetes (%),5.8
Austria,2004,Dementia (%),8
Austria,2004,Lower respiratory infections (%),1.2
Austria,2004,Neonatal deaths (%),0.2
Austria,2004,Diarrheal diseases (%),0
Austria,2004,Road incidents (%),1
Austria,2004,Liver disease (%),2.7
Azerbaijan,2004,Cardiovascular diseases (%),50.1
Azerbaijan,2004,Cancers (%),12
Azerbaijan,2004,Respiratory diseases (%),3.1
Azerbaijan,2004,Diabetes (%),5
Azerbaijan,2004,Dementia (%),1.3
Azerbaijan,2004,Lower respiratory infections (%),6.4
Azerbaijan,2004,Neonatal deaths (%),4.2
Azerbaijan,2004,Diarrheal diseases (%),0.7
Azerbaijan,2004,Road incidents (%),1.1
Azerbaijan,2004,Liver disease (%),4.4
Bahamas,2004,Cardiovascular diseases (%),31.4
Bahamas,2004,Cancers (%),18.7
Bahamas,2004,Respiratory diseases (%),2.1
Bahamas,2004,Diabetes (%),11.1
Bahamas,2004,Dementia (%),2.5
Bahamas,2004,Lower respiratory infections (%),4.1
Bahamas,2004,Neonatal deaths (%),1.7
Bahamas,2004,Diarrheal diseases (%),0.2
Bahamas,2004,Road incidents (%),2.5
Bahamas,2004,Liver disease (%),2.3
Bahrain,2004,Cardiovascular diseases (%),31.1
Bahrain,2004,Cancers (%),13.6
Bahrain,2004,Respiratory diseases (%),4.3
Bahrain,2004,Diabetes (%),19.2
Bahrain,2004,Dementia (%),2.9
Bahrain,2004,Lower respiratory infections (%),2.6
Bahrain,2004,Neonatal deaths (%),2.1
Bahrain,2004,Diarrheal diseases (%),0.3
Bahrain,2004,Road incidents (%),5.5
Bahrain,2004,Liver disease (%),1.8
Bangladesh,2004,Cardiovascular diseases (%),24.4
Bangladesh,2004,Cancers (%),7.6
Bangladesh,2004,Respiratory diseases (%),7.9
Bangladesh,2004,Diabetes (%),5
Bangladesh,2004,Dementia (%),1.3
Bangladesh,2004,Lower respiratory infections (%),7.9
Bangladesh,2004,Neonatal deaths (%),11.2
Bangladesh,2004,Diarrheal diseases (%),5.5
Bangladesh,2004,Road incidents (%),1.6
Bangladesh,2004,Liver disease (%),2.8
Barbados,2004,Cardiovascular diseases (%),30.6
Barbados,2004,Cancers (%),22.5
Barbados,2004,Respiratory diseases (%),2.2
Barbados,2004,Diabetes (%),15.5
Barbados,2004,Dementia (%),4.9
Barbados,2004,Lower respiratory infections (%),6.2
Barbados,2004,Neonatal deaths (%),1.3
Barbados,2004,Diarrheal diseases (%),0.2
Barbados,2004,Road incidents (%),1.4
Barbados,2004,Liver disease (%),1.5
Belarus,2004,Cardiovascular diseases (%),60.5
Belarus,2004,Cancers (%),14.9
Belarus,2004,Respiratory diseases (%),3.5
Belarus,2004,Diabetes (%),1.4
Belarus,2004,Dementia (%),2.1
Belarus,2004,Lower respiratory infections (%),0.9
Belarus,2004,Neonatal deaths (%),0.3
Belarus,2004,Diarrheal diseases (%),0
Belarus,2004,Road incidents (%),1.8
Belarus,2004,Liver disease (%),1.7
Belgium,2004,Cardiovascular diseases (%),33.5
Belgium,2004,Cancers (%),26.8
Belgium,2004,Respiratory diseases (%),6.6
Belgium,2004,Diabetes (%),4.3
Belgium,2004,Dementia (%),8.9
Belgium,2004,Lower respiratory infections (%),4.5
Belgium,2004,Neonatal deaths (%),0.2
Belgium,2004,Diarrheal diseases (%),0.4
Belgium,2004,Road incidents (%),1.4
Belgium,2004,Liver disease (%),1.7
Belize,2004,Cardiovascular diseases (%),24.6
Belize,2004,Cancers (%),12.7
Belize,2004,Respiratory diseases (%),3.4
Belize,2004,Diabetes (%),11.9
Belize,2004,Dementia (%),1.9
Belize,2004,Lower respiratory infections (%),6.5
Belize,2004,Neonatal deaths (%),6
Belize,2004,Diarrheal diseases (%),0.8
Belize,2004,Road incidents (%),4.2
Belize,2004,Liver disease (%),2.6
Benin,2004,Cardiovascular diseases (%),9.8
Benin,2004,Cancers (%),5
Benin,2004,Respiratory diseases (%),1.7
Benin,2004,Diabetes (%),3.7
Benin,2004,Dementia (%),0.6
Benin,2004,Lower respiratory infections (%),10.7
Benin,2004,Neonatal deaths (%),10.6
Benin,2004,Diarrheal diseases (%),10.4
Benin,2004,Road incidents (%),1.8
Benin,2004,Liver disease (%),2
Bhutan,2004,Cardiovascular diseases (%),19.4
Bhutan,2004,Cancers (%),6.8
Bhutan,2004,Respiratory diseases (%),7.9
Bhutan,2004,Diabetes (%),5.2
Bhutan,2004,Dementia (%),1.3
Bhutan,2004,Lower respiratory infections (%),10.1
Bhutan,2004,Neonatal deaths (%),14.4
Bhutan,2004,Diarrheal diseases (%),3.6
Bhutan,2004,Road incidents (%),2.1
Bhutan,2004,Liver disease (%),2.3
Bolivia,2004,Cardiovascular diseases (%),19.1
Bolivia,2004,Cancers (%),13.4
Bolivia,2004,Respiratory diseases (%),4
Bolivia,2004,Diabetes (%),7.2
Bolivia,2004,Dementia (%),2.1
Bolivia,2004,Lower respiratory infections (%),12.6
Bolivia,2004,Neonatal deaths (%),8.1
Bolivia,2004,Diarrheal diseases (%),3.1
Bolivia,2004,Road incidents (%),3.6
Bolivia,2004,Liver disease (%),2.5
Bosnia and Herzegovina,2004,Cardiovascular diseases (%),50.9
Bosnia and Herzegovina,2004,Cancers (%),23.7
Bosnia and Herzegovina,2004,Respiratory diseases (%),3.7
Bosnia and Herzegovina,2004,Diabetes (%),6.8
Bosnia and Herzegovina,2004,Dementia (%),3
Bosnia and Herzegovina,2004,Lower respiratory infections (%),1
Bosnia and Herzegovina,2004,Neonatal deaths (%),0.5
Bosnia and Herzegovina,2004,Diarrheal diseases (%),0
Bosnia and Herzegovina,2004,Road incidents (%),0.9
Bosnia and Herzegovina,2004,Liver disease (%),1.8
Botswana,2004,Cardiovascular diseases (%),8.4
Botswana,2004,Cancers (%),3.8
Botswana,2004,Respiratory diseases (%),1.9
Botswana,2004,Diabetes (%),3.5
Botswana,2004,Dementia (%),0.4
Botswana,2004,Lower respiratory infections (%),3.3
Botswana,2004,Neonatal deaths (%),2.2
Botswana,2004,Diarrheal diseases (%),2.2
Botswana,2004,Road incidents (%),1.4
Botswana,2004,Liver disease (%),0.5
Brazil,2004,Cardiovascular diseases (%),29.8
Brazil,2004,Cancers (%),16
Brazil,2004,Respiratory diseases (%),5.9
Brazil,2004,Diabetes (%),7.3
Brazil,2004,Dementia (%),4
Brazil,2004,Lower respiratory infections (%),4.7
Brazil,2004,Neonatal deaths (%),3.6
Brazil,2004,Diarrheal diseases (%),1
Brazil,2004,Road incidents (%),4.3
Brazil,2004,Liver disease (%),2.8
Brunei,2004,Cardiovascular diseases (%),28.2
Brunei,2004,Cancers (%),21.3
Brunei,2004,Respiratory diseases (%),6.2
Brunei,2004,Diabetes (%),14.1
Brunei,2004,Dementia (%),3.3
Brunei,2004,Lower respiratory infections (%),3.5
Brunei,2004,Neonatal deaths (%),2
Brunei,2004,Diarrheal diseases (%),0.1
Brunei,2004,Road incidents (%),4.8
Brunei,2004,Liver disease (%),1.1
Bulgaria,2004,Cardiovascular diseases (%),65
Bulgaria,2004,Cancers (%),15.5
Bulgaria,2004,Respiratory diseases (%),2.9
Bulgaria,2004,Diabetes (%),3.4
Bulgaria,2004,Dementia (%),2.7
Bulgaria,2004,Lower respiratory infections (%),1.7
Bulgaria,2004,Neonatal deaths (%),0.3
Bulgaria,2004,Diarrheal diseases (%),0
Bulgaria,2004,Road incidents (%),0.9
Bulgaria,2004,Liver disease (%),1.6
Burkina Faso,2004,Cardiovascular diseases (%),7.3
Burkina Faso,2004,Cancers (%),3.7
Burkina Faso,2004,Respiratory diseases (%),0.9
Burkina Faso,2004,Diabetes (%),3
Burkina Faso,2004,Dementia (%),0.4
Burkina Faso,2004,Lower respiratory infections (%),10.4
Burkina Faso,2004,Neonatal deaths (%),8
Burkina Faso,2004,Diarrheal diseases (%),10.3
Burkina Faso,2004,Road incidents (%),1.3
Burkina Faso,2004,Liver disease (%),1.2
Burundi,2004,Cardiovascular diseases (%),10
Burundi,2004,Cancers (%),4.1
Burundi,2004,Respiratory diseases (%),1.7
Burundi,2004,Diabetes (%),2
Burundi,2004,Dementia (%),0.4
Burundi,2004,Lower respiratory infections (%),7.9
Burundi,2004,Neonatal deaths (%),8.7
Burundi,2004,Diarrheal diseases (%),11.9
Burundi,2004,Road incidents (%),1.5
Burundi,2004,Liver disease (%),1.5
Cambodia,2004,Cardiovascular diseases (%),18.7
Cambodia,2004,Cancers (%),8.4
Cambodia,2004,Respiratory diseases (%),3.2
Cambodia,2004,Diabetes (%),3.8
Cambodia,2004,Dementia (%),1.3
Cambodia,2004,Lower respiratory infections (%),14.5
Cambodia,2004,Neonatal deaths (%),7
Cambodia,2004,Diarrheal diseases (%),3.2
Cambodia,2004,Road incidents (%),3.1
Cambodia,2004,Liver disease (%),5.3
Cameroon,2004,Cardiovascular diseases (%),9.7
Cameroon,2004,Cancers (%),5.3
Cameroon,2004,Respiratory diseases (%),1.8
Cameroon,2004,Diabetes (%),3.5
Cameroon,2004,Dementia (%),0.6
Cameroon,2004,Lower respiratory infections (%),8.7
Cameroon,2004,Neonatal deaths (%),7.4
Cameroon,2004,Diarrheal diseases (%),7.1
Cameroon,2004,Road incidents (%),1.4
Cameroon,2004,Liver disease (%),2.1
Canada,2004,Cardiovascular diseases (%),32.5
Canada,2004,Cancers (%),30.5
Canada,2004,Respiratory diseases (%),5.6
Canada,2004,Diabetes (%),6.5
Canada,2004,Dementia (%),6.1
Canada,2004,Lower respiratory infections (%),3
Canada,2004,Neonatal deaths (%),0.4
Canada,2004,Diarrheal diseases (%),0.3
Canada,2004,Road incidents (%),1.4
Canada,2004,Liver disease (%),1.6
Cape Verde,2004,Cardiovascular diseases (%),25.2
Cape Verde,2004,Cancers (%),14.4
Cape Verde,2004,Respiratory diseases (%),3.1
Cape Verde,2004,Diabetes (%),5.1
Cape Verde,2004,Dementia (%),1.7
Cape Verde,2004,Lower respiratory infections (%),9.3
Cape Verde,2004,Neonatal deaths (%),7.2
Cape Verde,2004,Diarrheal diseases (%),1.9
Cape Verde,2004,Road incidents (%),1.6
Cape Verde,2004,Liver disease (%),2.2
Central African Republic,2004,Cardiovascular diseases (%),11.2
Central African Republic,2004,Cancers (%),3.5
Central African Republic,2004,Respiratory diseases (%),1.8
Central African Republic,2004,Diabetes (%),1.9
Central African Republic,2004,Dementia (%),0.6
Central African Republic,2004,Lower respiratory infections (%),7.4
Central African Republic,2004,Neonatal deaths (%),5.5
Central African Republic,2004,Diarrheal diseases (%),7
Central African Republic,2004,Road incidents (%),2.1
Central African Republic,2004,Liver disease (%),1.1
Chad,2004,Cardiovascular diseases (%),7.7
Chad,2004,Cancers (%),3.4
Chad,2004,Respiratory diseases (%),1.3
Chad,2004,Diabetes (%),2.4
Chad,2004,Dementia (%),0.4
Chad,2004,Lower respiratory infections (%),11.6
Chad,2004,Neonatal deaths (%),8.8
Chad,2004,Diarrheal diseases (%),14.3
Chad,2004,Road incidents (%),1.1
Chad,2004,Liver disease (%),1.2
Chile,2004,Cardiovascular diseases (%),28.2
Chile,2004,Cancers (%),25
Chile,2004,Respiratory diseases (%),5.3
Chile,2004,Diabetes (%),7.9
Chile,2004,Dementia (%),4.7
Chile,2004,Lower respiratory infections (%),4.8
Chile,2004,Neonatal deaths (%),0.9
Chile,2004,Diarrheal diseases (%),0.3
Chile,2004,Road incidents (%),2.7
Chile,2004,Liver disease (%),4.9
China,2004,Cardiovascular diseases (%),36.4
China,2004,Cancers (%),22.6
China,2004,Respiratory diseases (%),12.9
China,2004,Diabetes (%),3.4
China,2004,Dementia (%),3.1
China,2004,Lower respiratory infections (%),2.1
China,2004,Neonatal deaths (%),1.5
China,2004,Diarrheal diseases (%),0.2
China,2004,Road incidents (%),4
China,2004,Liver disease (%),1.9
Colombia,2004,Cardiovascular diseases (%),26.7
Colombia,2004,Cancers (%),16.3
Colombia,2004,Respiratory diseases (%),5.6
Colombia,2004,Diabetes (%),6.9
Colombia,2004,Dementia (%),3.9
Colombia,2004,Lower respiratory infections (%),3.2
Colombia,2004,Neonatal deaths (%),4.3
Colombia,2004,Diarrheal diseases (%),0.7
Colombia,2004,Road incidents (%),3.9
Colombia,2004,Liver disease (%),1.5
Comoros,2004,Cardiovascular diseases (%),14.5
Comoros,2004,Cancers (%),7.8
Comoros,2004,Respiratory diseases (%),1.9
Comoros,2004,Diabetes (%),3.3
Comoros,2004,Dementia (%),1
Comoros,2004,Lower respiratory infections (%),11.5
Comoros,2004,Neonatal deaths (%),12.9
Comoros,2004,Diarrheal diseases (%),13
Comoros,2004,Road incidents (%),1.9
Comoros,2004,Liver disease (%),1.3
Congo,2004,Cardiovascular diseases (%),13.8
Congo,2004,Cancers (%),5.6
Congo,2004,Respiratory diseases (%),2.1
Congo,2004,Diabetes (%),2.6
Congo,2004,Dementia (%),0.9
Congo,2004,Lower respiratory infections (%),6.9
Congo,2004,Neonatal deaths (%),6.7
Congo,2004,Diarrheal diseases (%),6.6
Congo,2004,Road incidents (%),2.1
Congo,2004,Liver disease (%),1.9
Costa Rica,2004,Cardiovascular diseases (%),27.5
Costa Rica,2004,Cancers (%),22
Costa Rica,2004,Respiratory diseases (%),5.7
Costa Rica,2004,Diabetes (%),7.9
Costa Rica,2004,Dementia (%),6
Costa Rica,2004,Lower respiratory infections (%),2.2
Costa Rica,2004,Neonatal deaths (%),2.7
Costa Rica,2004,Diarrheal diseases (%),0.6
Costa Rica,2004,Road incidents (%),4.3
Costa Rica,2004,Liver disease (%),3.6
Côte d'Ivoire,2004,Cardiovascular diseases (%),11.5
Côte d'Ivoire,2004,Cancers (%),4.2
Côte d'Ivoire,2004,Respiratory diseases (%),1.7
Côte d'Ivoire,2004,Diabetes (%),3.3
Côte d'Ivoire,2004,Dementia (%),0.4
Côte d'Ivoire,2004,Lower respiratory infections (%),7.9
Côte d'Ivoire,2004,Neonatal deaths (%),8.1
Côte d'Ivoire,2004,Diarrheal diseases (%),6.2
Côte d'Ivoire,2004,Road incidents (%),1.5
Côte d'Ivoire,2004,Liver disease (%),2.4
Croatia,2004,Cardiovascular diseases (%),49.9
Croatia,2004,Cancers (%),24.2
Croatia,2004,Respiratory diseases (%),3.3
Croatia,2004,Diabetes (%),3.8
Croatia,2004,Dementia (%),3.4
Croatia,2004,Lower respiratory infections (%),2.1
Croatia,2004,Neonatal deaths (%),0.2
Croatia,2004,Diarrheal diseases (%),0
Croatia,2004,Road incidents (%),1.3
Croatia,2004,Liver disease (%),2.9
Cuba,2004,Cardiovascular diseases (%),39.7
Cuba,2004,Cancers (%),23.8
Cuba,2004,Respiratory diseases (%),4.1
Cuba,2004,Diabetes (%),4.4
Cuba,2004,Dementia (%),5.8
Cuba,2004,Lower respiratory infections (%),6.1
Cuba,2004,Neonatal deaths (%),0.4
Cuba,2004,Diarrheal diseases (%),0.3
Cuba,2004,Road incidents (%),1.7
Cuba,2004,Liver disease (%),1.6
Cyprus,2004,Cardiovascular diseases (%),39.9
Cyprus,2004,Cancers (%),19.1
Cyprus,2004,Respiratory diseases (%),5.7
Cyprus,2004,Diabetes (%),12.1
Cyprus,2004,Dementia (%),7.1
Cyprus,2004,Lower respiratory infections (%),2.2
Cyprus,2004,Neonatal deaths (%),0.4
Cyprus,2004,Diarrheal diseases (%),0.3
Cyprus,2004,Road incidents (%),2.4
Cyprus,2004,Liver disease (%),1.4
Czech Republic,2004,Cardiovascular diseases (%),50.2
Czech Republic,2004,Cancers (%),26.2
Czech Republic,2004,Respiratory diseases (%),2.3
Czech Republic,2004,Diabetes (%),3
Czech Republic,2004,Dementia (%),3.5
Czech Republic,2004,Lower respiratory infections (%),2.4
Czech Republic,2004,Neonatal deaths (%),0.2
Czech Republic,2004,Diarrheal diseases (%),0
Czech Republic,2004,Road incidents (%),1.3
Czech Republic,2004,Liver disease (%),2.2
Democratic Republic of Congo,2004,Cardiovascular diseases (%),9.3
Democratic Republic of Congo,2004,Cancers (%),3.5
Democratic Republic of Congo,2004,Respiratory diseases (%),1.6
Democratic Republic of Congo,2004,Diabetes (%),1.8
Democratic Republic of Congo,2004,Dementia (%),0.6
Democratic Republic of Congo,2004,Lower respiratory infections (%),7.8
Democratic Republic of Congo,2004,Neonatal deaths (%),8.6
Democratic Republic of Congo,2004,Diarrheal diseases (%),7.1
Democratic Republic of Congo,2004,Road incidents (%),1.7
Democratic Republic of Congo,2004,Liver disease (%),1.2
Denmark,2004,Cardiovascular diseases (%),33.9
Denmark,2004,Cancers (%),29
Denmark,2004,Respiratory diseases (%),7.2
Denmark,2004,Diabetes (%),5
Denmark,2004,Dementia (%),6.4
Denmark,2004,Lower respiratory infections (%),3.5
Denmark,2004,Neonatal deaths (%),0.3
Denmark,2004,Diarrheal diseases (%),0.3
Denmark,2004,Road incidents (%),0.8
Denmark,2004,Liver disease (%),2
Djibouti,2004,Cardiovascular diseases (%),11.4
Djibouti,2004,Cancers (%),6.2
Djibouti,2004,Respiratory diseases (%),1.5
Djibouti,2004,Diabetes (%),2.8
Djibouti,2004,Dementia (%),0.8
Djibouti,2004,Lower respiratory infections (%),12.4
Djibouti,2004,Neonatal deaths (%),10.5
Djibouti,2004,Diarrheal diseases (%),6.5
Djibouti,2004,Road incidents (%),1.5
Djibouti,2004,Liver disease (%),1.3
Dominican Republic,2004,Cardiovascular diseases (%),28.7
Dominican Republic,2004,Cancers (%),11.9
Dominican Republic,2004,Respiratory diseases (%),2.6
Dominican Republic,2004,Diabetes (%),6
Dominican Republic,2004,Dementia (%),2.8
Dominican Republic,2004,Lower respiratory infections (%),3.8
Dominican Republic,2004,Neonatal deaths (%),7.8
Dominican Republic,2004,Diarrheal diseases (%),1.5
Dominican Republic,2004,Road incidents (%),3.5
Dominican Republic,2004,Liver disease (%),2.7
Ecuador,2004,Cardiovascular diseases (%),21.8
Ecuador,2004,Cancers (%),15.4
Ecuador,2004,Respiratory diseases (%),3.3
Ecuador,2004,Diabetes (%),9.8
Ecuador,2004,Dementia (%),3.1
Ecuador,2004,Lower respiratory infections (%),7
Ecuador,2004,Neonatal deaths (%),6.3
Ecuador,2004,Diarrheal diseases (%),1.3
Ecuador,2004,Road incidents (%),5.2
Ecuador,2004,Liver disease (%),3.3
Egypt,2004,Cardiovascular diseases (%),38.8
Egypt,2004,Cancers (%),8.3
Egypt,2004,Respiratory diseases (%),4.4
Egypt,2004,Diabetes (%),6
Egypt,2004,Dementia (%),2.5
Egypt,2004,Lower respiratory infections (%),6.4
Egypt,2004,Neonatal deaths (%),4.2
Egypt,2004,Diarrheal diseases (%),3.1
Egypt,2004,Road incidents (%),5.3
Egypt,2004,Liver disease (%),11
El Salvador,2004,Cardiovascular diseases (%),21.8
El Salvador,2004,Cancers (%),12.4
El Salvador,2004,Respiratory diseases (%),2.6
El Salvador,2004,Diabetes (%),12.1
El Salvador,2004,Dementia (%),3.7
El Salvador,2004,Lower respiratory infections (%),6.3
El Salvador,2004,Neonatal deaths (%),3.2
El Salvador,2004,Diarrheal diseases (%),1.7
El Salvador,2004,Road incidents (%),5
El Salvador,2004,Liver disease (%),3.4
Eritrea,2004,Cardiovascular diseases (%),11.4
Eritrea,2004,Cancers (%),6.9
Eritrea,2004,Respiratory diseases (%),1.9
Eritrea,2004,Diabetes (%),2.8
Eritrea,2004,Dementia (%),0.5
Eritrea,2004,Lower respiratory infections (%),11.2
Eritrea,2004,Neonatal deaths (%),9
Eritrea,2004,Diarrheal diseases (%),11.4
Eritrea,2004,Road incidents (%),1.9
Eritrea,2004,Liver disease (%),1.8
Estonia,2004,Cardiovascular diseases (%),54.7
Estonia,2004,Cancers (%),19.4
Estonia,2004,Respiratory diseases (%),1.6
Estonia,2004,Diabetes (%),2.6
Estonia,2004,Dementia (%),3.1
Estonia,2004,Lower respiratory infections (%),1.3
Estonia,2004,Neonatal deaths (%),0.2
Estonia,2004,Diarrheal diseases (%),0
Estonia,2004,Road incidents (%),1.2
Estonia,2004,Liver disease (%),1.8
Ethiopia,2004,Cardiovascular diseases (%),12.2
Ethiopia,2004,Cancers (%),5.4
Ethiopia,2004,Respiratory diseases (%),1.7
Ethiopia,2004,Diabetes (%),2.7
Ethiopia,2004,Dementia (%),0.6
Ethiopia,2004,Lower respiratory infections (%),9.9
Ethiopia,2004,Neonatal deaths (%),8.8
Ethiopia,2004,Diarrheal diseases (%),9.5
Ethiopia,2004,Road incidents (%),1.4
Ethiopia,2004,Liver disease (%),1.7
Fiji,2004,Cardiovascular diseases (%),33.2
Fiji,2004,Cancers (%),8.2
Fiji,2004,Respiratory diseases (%),6
Fiji,2004,Diabetes (%),27.2
Fiji,2004,Dementia (%),1.2
Fiji,2004,Lower respiratory infections (%),4.8
Fiji,2004,Neonatal deaths (%),2.8
Fiji,2004,Diarrheal diseases (%),1
Fiji,2004,Road incidents (%),1.8
Fiji,2004,Liver disease (%),0.9
Finland,2004,Cardiovascular diseases (%),42.3
Finland,2004,Cancers (%),22.6
Finland,2004,Respiratory diseases (%),3.1
Finland,2004,Diabetes (%),2.5
Finland,2004,Dementia (%),9.4
Finland,2004,Lower respiratory infections (%),3
Finland,2004,Neonatal deaths (%),0.2
Finland,2004,Diarrheal diseases (%),0.1
Finland,2004,Road incidents (%),0.9
Finland,2004,Liver disease (%),2.1
France,2004,Cardiovascular diseases (%),30.3
France,2004,Cancers (%),30.2
France,2004,Respiratory diseases (%),3.8
France,2004,Diabetes (%),5
France,2004,Dementia (%),8.4
France,2004,Lower respiratory infections (%),3.3
France,2004,Neonatal deaths (%),0.3
France,2004,Diarrheal diseases (%),0.4
France,2004,Road incidents (%),1.2
France,2004,Liver disease (%),2.2
Gabon,2004,Cardiovascular diseases (%),19.1
Gabon,2004,Cancers (%),8.2
Gabon,2004,Respiratory diseases (%),2.4
Gabon,2004,Diabetes (%),4.3
Gabon,2004,Dementia (%),1.9
Gabon,2004,Lower respiratory infections (%),7
Gabon,2004,Neonatal deaths (%),5.4
Gabon,2004,Diarrheal diseases (%),4.2
Gabon,2004,Road incidents (%),2.3
Gabon,2004,Liver disease (%),3.1
Gambia,2004,Cardiovascular diseases (%),11.3
Gambia,2004,Cancers (%),6.2
Gambia,2004,Respiratory diseases (%),1.7
Gambia,2004,Diabetes (%),3.2
Gambia,2004,Dementia (%),0.7
Gambia,2004,Lower respiratory infections (%),10.9
Gambia,2004,Neonatal deaths (%),14.5
Gambia,2004,Diarrheal diseases (%),8.2
Gambia,2004,Road incidents (%),1.4
Gambia,2004,Liver disease (%),1.5
Georgia,2004,Cardiovascular diseases (%),65.7
Georgia,2004,Cancers (%),11.7
Georgia,2004,Respiratory diseases (%),4.2
Georgia,2004,Diabetes (%),2.9
Georgia,2004,Dementia (%),2.7
Georgia,2004,Lower respiratory infections (%),1.3
Georgia,2004,Neonatal deaths (%),2.1
Georgia,2004,Diarrheal diseases (%),0.1
Georgia,2004,Road incidents (%),1.1
Georgia,2004,Liver disease (%),2.6
Germany,2004,Cardiovascular diseases (%),42.4
Germany,2004,Cancers (%),25.5
Germany,2004,Respiratory diseases (%),4.5
Germany,2004,Diabetes (%),5.2
Germany,2004,Dementia (%),7.3
Germany,2004,Lower respiratory infections (%),2.2
Germany,2004,Neonatal deaths (%),0.2
Germany,2004,Diarrheal diseases (%),0.2
Germany,2004,Road incidents (%),0.8
Germany,2004,Liver disease (%),2.5
Ghana,2004,Cardiovascular diseases (%),14.1
Ghana,2004,Cancers (%),5.7
Ghana,2004,Respiratory diseases (%),1.6
Ghana,2004,Diabetes (%),4.1
Ghana,2004,Dementia (%),0.7
Ghana,2004,Lower respiratory infections (%),8.7
Ghana,2004,Neonatal deaths (%),9.7
Ghana,2004,Diarrheal diseases (%),4
Ghana,2004,Road incidents (%),1.6
Ghana,2004,Liver disease (%),2.6
Greece,2004,Cardiovascular diseases (%),46.9
Greece,2004,Cancers (%),26.5
Greece,2004,Respiratory diseases (%),3.5
Greece,2004,Diabetes (%),4.4
Greece,2004,Dementia (%),7.5
Greece,2004,Lower respiratory infections (%),2.2
Greece,2004,Neonatal deaths (%),0.2
Greece,2004,Diarrheal diseases (%),0
Greece,2004,Road incidents (%),1.8
Greece,2004,Liver disease (%),1.2
Grenada,2004,Cardiovascular diseases (%),34
Grenada,2004,Cancers (%),17.7
Grenada,2004,Respiratory diseases (%),2.9
Grenada,2004,Diabetes (%),14.3
Grenada,2004,Dementia (%),3
Grenada,2004,Lower respiratory infections (%),6.9
Grenada,2004,Neonatal deaths (%),1.7
Grenada,2004,Diarrheal diseases (%),0.2
Grenada,2004,Road incidents (%),1.7
Grenada,2004,Liver disease (%),1.8
Guam,2004,Cardiovascular diseases (%),40.7
Guam,2004,Cancers (%),17
Guam,2004,Respiratory diseases (%),5.2
Guam,2004,Diabetes (%),9.9
Guam,2004,Dementia (%),3.5
Guam,2004,Lower respiratory infections (%),4
Guam,2004,Neonatal deaths (%),2
Guam,2004,Diarrheal diseases (%),0.1
Guam,2004,Road incidents (%),2.5
Guam,2004,Liver disease (%),2.8
Guatemala,2004,Cardiovascular diseases (%),13
Guatemala,2004,Cancers (%),10.4
Guatemala,2004,Respiratory diseases (%),1.8
Guatemala,2004,Diabetes (%),7.8
Guatemala,2004,Dementia (%),2.3
Guatemala,2004,Lower respiratory infections (%),16.3
Guatemala,2004,Neonatal deaths (%),6.9
Guatemala,2004,Diarrheal diseases (%),6
Guatemala,2004,Road incidents (%),2.2
Guatemala,2004,Liver disease (%),4.2
Guinea,2004,Cardiovascular diseases (%),10
Guinea,2004,Cancers (%),5.1
Guinea,2004,Respiratory diseases (%),1.7
Guinea,2004,Diabetes (%),3.2
Guinea,2004,Dementia (%),0.5
Guinea,2004,Lower respiratory infections (%),12.2
Guinea,2004,Neonatal deaths (%),9.7
Guinea,2004,Diarrheal diseases (%),8.6
Guinea,2004,Road incidents (%),1.2
Guinea,2004,Liver disease (%),1.7
Guinea-Bissau,2004,Cardiovascular diseases (%),13.6
Guinea-Bissau,2004,Cancers (%),5.3
Guinea-Bissau,2004,Respiratory diseases (%),2.1
Guinea-Bissau,2004,Diabetes (%),4
Guinea-Bissau,2004,Dementia (%),0.5
Guinea-Bissau,2004,Lower respiratory infections (%),9.3
Guinea-Bissau,2004,Neonatal deaths (%),9
Guinea-Bissau,2004,Diarrheal diseases (%),8.2
Guinea-Bissau,2004,Road incidents (%),1.6
Guinea-Bissau,2004,Liver disease (%),2
Guyana,2004,Cardiovascular diseases (%),32.3
Guyana,2004,Cancers (%),9.1
Guyana,2004,Respiratory diseases (%),1.8
Guyana,2004,Diabetes (%),11.2
Guyana,2004,Dementia (%),1.4
Guyana,2004,Lower respiratory infections (%),4.5
Guyana,2004,Neonatal deaths (%),5.8
Guyana,2004,Diarrheal diseases (%),1.6
Guyana,2004,Road incidents (%),2.7
Guyana,2004,Liver disease (%),3.3
Haiti,2004,Cardiovascular diseases (%),22
Haiti,2004,Cancers (%),7.4
Haiti,2004,Respiratory diseases (%),2.5
Haiti,2004,Diabetes (%),5.8
Haiti,2004,Dementia (%),0.8
Haiti,2004,Lower respiratory infections (%),6.3
Haiti,2004,Neonatal deaths (%),6.7
Haiti,2004,Diarrheal diseases (%),5.4
Haiti,2004,Road incidents (%),2.5
Haiti,2004,Liver disease (%),1.1
Honduras,2004,Cardiovascular diseases (%),29
Honduras,2004,Cancers (%),11
Honduras,2004,Respiratory diseases (%),5.3
Honduras,2004,Diabetes (%),8.3
Honduras,2004,Dementia (%),3.1
Honduras,2004,Lower respiratory infections (%),2.8
Honduras,2004,Neonatal deaths (%),5.5
Honduras,2004,Diarrheal diseases (%),4.1
Honduras,2004,Road incidents (%),2.7
Honduras,2004,Liver disease (%),3.3
Hungary,2004,Cardiovascular diseases (%),48.2
Hungary,2004,Cancers (%),26
Hungary,2004,Respiratory diseases (%),3.4
Hungary,2004,Diabetes (%),3.2
Hungary,2004,Dementia (%),3.1
Hungary,2004,Lower respiratory infections (%),0.7
Hungary,2004,Neonatal deaths (%),0.3
Hungary,2004,Diarrheal diseases (%),0
Hungary,2004,Road incidents (%),1.1
Hungary,2004,Liver disease (%),4.4
Iceland,2004,Cardiovascular diseases (%),37.7
Iceland,2004,Cancers (%),28.5
Iceland,2004,Respiratory diseases (%),4.8
Iceland,2004,Diabetes (%),3.1
Iceland,2004,Dementia (%),9.1
Iceland,2004,Lower respiratory infections (%),4.1
Iceland,2004,Neonatal deaths (%),0.2
Iceland,2004,Diarrheal diseases (%),0.1
Iceland,2004,Road incidents (%),0.9
Iceland,2004,Liver disease (%),0.7
India,2004,Cardiovascular diseases (%),20.1
India,2004,Cancers (%),5.9
India,2004,Respiratory diseases (%),9.8
India,2004,Diabetes (%),4.4
India,2004,Dementia (%),0.8
India,2004,Lower respiratory infections (%),6.6
India,2004,Neonatal deaths (%),7.4
India,2004,Diarrheal diseases (%),11.4
India,2004,Road incidents (%),2.2
India,2004,Liver disease (%),1.6
Indonesia,2004,Cardiovascular diseases (%),27.8
Indonesia,2004,Cancers (%),6.8
Indonesia,2004,Respiratory diseases (%),4.7
Indonesia,2004,Diabetes (%),5.7
Indonesia,2004,Dementia (%),1.9
Indonesia,2004,Lower respiratory infections (%),3.6
Indonesia,2004,Neonatal deaths (%),5
Indonesia,2004,Diarrheal diseases (%),4.4
Indonesia,2004,Road incidents (%),2.7
Indonesia,2004,Liver disease (%),2.8
Iran,2004,Cardiovascular diseases (%),41.2
Iran,2004,Cancers (%),10.4
Iran,2004,Respiratory diseases (%),3.6
Iran,2004,Diabetes (%),5.4
Iran,2004,Dementia (%),3.1
Iran,2004,Lower respiratory infections (%),2.5
Iran,2004,Neonatal deaths (%),6.1
Iran,2004,Diarrheal diseases (%),0.5
Iran,2004,Road incidents (%),11
Iran,2004,Liver disease (%),1
Iraq,2004,Cardiovascular diseases (%),36.9
Iraq,2004,Cancers (%),6.9
Iraq,2004,Respiratory diseases (%),2.6
Iraq,2004,Diabetes (%),8.4
Iraq,2004,Dementia (%),1.9
Iraq,2004,Lower respiratory infections (%),3.7
Iraq,2004,Neonatal deaths (%),8.5
Iraq,2004,Diarrheal diseases (%),2
Iraq,2004,Road incidents (%),3.6
Iraq,2004,Liver disease (%),0.8
Ireland,2004,Cardiovascular diseases (%),36.1
Ireland,2004,Cancers (%),27.9
Ireland,2004,Respiratory diseases (%),7
Ireland,2004,Diabetes (%),4.3
Ireland,2004,Dementia (%),6.7
Ireland,2004,Lower respiratory infections (%),5.1
Ireland,2004,Neonatal deaths (%),0.4
Ireland,2004,Diarrheal diseases (%),0.1
Ireland,2004,Road incidents (%),1.2
Ireland,2004,Liver disease (%),1.1
Israel,2004,Cardiovascular diseases (%),30
Israel,2004,Cancers (%),26.6
Israel,2004,Respiratory diseases (%),4
Israel,2004,Diabetes (%),12.9
Israel,2004,Dementia (%),7.4
Israel,2004,Lower respiratory infections (%),2.8
Israel,2004,Neonatal deaths (%),0.9
Israel,2004,Diarrheal diseases (%),0.3
Israel,2004,Road incidents (%),2
Israel,2004,Liver disease (%),1.6
Italy,2004,Cardiovascular diseases (%),37
Italy,2004,Cancers (%),28.8
Italy,2004,Respiratory diseases (%),4.5
Italy,2004,Diabetes (%),5.9
Italy,2004,Dementia (%),10.8
Italy,2004,Lower respiratory infections (%),1.3
Italy,2004,Neonatal deaths (%),0.2
Italy,2004,Diarrheal diseases (%),0
Italy,2004,Road incidents (%),1.5
Italy,2004,Liver disease (%),2.2
Jamaica,2004,Cardiovascular diseases (%),30.9
Jamaica,2004,Cancers (%),18.4
Jamaica,2004,Respiratory diseases (%),3.7
Jamaica,2004,Diabetes (%),16.7
Jamaica,2004,Dementia (%),4.3
Jamaica,2004,Lower respiratory infections (%),3.5
Jamaica,2004,Neonatal deaths (%),4.1
Jamaica,2004,Diarrheal diseases (%),0.5
Jamaica,2004,Road incidents (%),1
Jamaica,2004,Liver disease (%),1
Japan,2004,Cardiovascular diseases (%),28.7
Japan,2004,Cancers (%),30.8
Japan,2004,Respiratory diseases (%),3.8
Japan,2004,Diabetes (%),4.3
Japan,2004,Dementia (%),11.8
Japan,2004,Lower respiratory infections (%),7
Japan,2004,Neonatal deaths (%),0.1
Japan,2004,Diarrheal diseases (%),0.2
Japan,2004,Road incidents (%),1
Japan,2004,Liver disease (%),2
Jordan,2004,Cardiovascular diseases (%),34.9
Jordan,2004,Cancers (%),11.9
Jordan,2004,Respiratory diseases (%),3
Jordan,2004,Diabetes (%),12.1
Jordan,2004,Dementia (%),3.1
Jordan,2004,Lower respiratory infections (%),4
Jordan,2004,Neonatal deaths (%),8.2
Jordan,2004,Diarrheal diseases (%),0.3
Jordan,2004,Road incidents (%),4.2
Jordan,2004,Liver disease (%),1.7
Kazakhstan,2004,Cardiovascular diseases (%),50.5
Kazakhstan,2004,Cancers (%),13
Kazakhstan,2004,Respiratory diseases (%),4.2
Kazakhstan,2004,Diabetes (%),2.7
Kazakhstan,2004,Dementia (%),1.4
Kazakhstan,2004,Lower respiratory infections (%),2.8
Kazakhstan,2004,Neonatal deaths (%),1.8
Kazakhstan,2004,Diarrheal diseases (%),0.2
Kazakhstan,2004,Road incidents (%),2.3
Kazakhstan,2004,Liver disease (%),3.5
Kenya,2004,Cardiovascular diseases (%),6.8
Kenya,2004,Cancers (%),3.2
Kenya,2004,Respiratory diseases (%),1.1
Kenya,2004,Diabetes (%),1.5
Kenya,2004,Dementia (%),0.6
Kenya,2004,Lower respiratory infections (%),7.7
Kenya,2004,Neonatal deaths (%),6.4
Kenya,2004,Diarrheal diseases (%),16.7
Kenya,2004,Road incidents (%),0.9
Kenya,2004,Liver disease (%),0.9
Kiribati,2004,Cardiovascular diseases (%),24.4
Kiribati,2004,Cancers (%),6.9
Kiribati,2004,Respiratory diseases (%),6.5
Kiribati,2004,Diabetes (%),14.4
Kiribati,2004,Dementia (%),1.4
Kiribati,2004,Lower respiratory infections (%),5.1
Kiribati,2004,Neonatal deaths (%),7.5
Kiribati,2004,Diarrheal diseases (%),4
Kiribati,2004,Road incidents (%),1.5
Kiribati,2004,Liver disease (%),2.1
Kuwait,2004,Cardiovascular diseases (%),38.5
Kuwait,2004,Cancers (%),12.8
Kuwait,2004,Respiratory diseases (%),2.1
Kuwait,2004,Diabetes (%),8.6
Kuwait,2004,Dementia (%),2.9
Kuwait,2004,Lower respiratory infections (%),3.6
Kuwait,2004,Neonatal deaths (%),3.6
Kuwait,2004,Diarrheal diseases (%),0.1
Kuwait,2004,Road incidents (%),9
Kuwait,2004,Liver disease (%),2
Kyrgyzstan,2004,Cardiovascular diseases (%),46.4
Kyrgyzstan,2004,Cancers (%),8.8
Kyrgyzstan,2004,Respiratory diseases (%),6.9
Kyrgyzstan,2004,Diabetes (%),3
Kyrgyzstan,2004,Dementia (%),1.4
Kyrgyzstan,2004,Lower respiratory infections (%),4.7
Kyrgyzstan,2004,Neonatal deaths (%),4.8
Kyrgyzstan,2004,Diarrheal diseases (%),0.8
Kyrgyzstan,2004,Road incidents (%),2.3
Kyrgyzstan,2004,Liver disease (%),5.1
Laos,2004,Cardiovascular diseases (%),20.8
Laos,2004,Cancers (%),6.2
Laos,2004,Respiratory diseases (%),4.2
Laos,2004,Diabetes (%),4.6
Laos,2004,Dementia (%),1.1
Laos,2004,Lower respiratory infections (%),14.3
Laos,2004,Neonatal deaths (%),11.9
Laos,2004,Diarrheal diseases (%),4.9
Laos,2004,Road incidents (%),2.6
Laos,2004,Liver disease (%),1.6
Latvia,2004,Cardiovascular diseases (%),58.1
Latvia,2004,Cancers (%),17.9
Latvia,2004,Respiratory diseases (%),1.3
Latvia,2004,Diabetes (%),2.3
Latvia,2004,Dementia (%),2.7
Latvia,2004,Lower respiratory infections (%),1.4
Latvia,2004,Neonatal deaths (%),0.3
Latvia,2004,Diarrheal diseases (%),0
Latvia,2004,Road incidents (%),1.6
Latvia,2004,Liver disease (%),1.3
Lebanon,2004,Cardiovascular diseases (%),40.2
Lebanon,2004,Cancers (%),25.8
Lebanon,2004,Respiratory diseases (%),3.6
Lebanon,2004,Diabetes (%),6.7
Lebanon,2004,Dementia (%),6
Lebanon,2004,Lower respiratory infections (%),1.6
Lebanon,2004,Neonatal deaths (%),2.2
Lebanon,2004,Diarrheal diseases (%),0.4
Lebanon,2004,Road incidents (%),1.9
Lebanon,2004,Liver disease (%),1.9
Lesotho,2004,Cardiovascular diseases (%),11.5
Lesotho,2004,Cancers (%),4.1
Lesotho,2004,Respiratory diseases (%),3.6
Lesotho,2004,Diabetes (%),4
Lesotho,2004,Dementia (%),0.5
Lesotho,2004,Lower respiratory infections (%),5.4
Lesotho,2004,Neonatal deaths (%),4.2
Lesotho,2004,Diarrheal diseases (%),7.4
Lesotho,2004,Road incidents (%),2
Lesotho,2004,Liver disease (%),0.5
Liberia,2004,Cardiovascular diseases (%),9.1
Liberia,2004,Cancers (%),4.4
Liberia,2004,Respiratory diseases (%),1.1
Liberia,2004,Diabetes (%),3
Liberia,2004,Dementia (%),0.4
Liberia,2004,Lower respiratory infections (%),7.6
Liberia,2004,Neonatal deaths (%),9.1
Liberia,2004,Diarrheal diseases (%),15.6
Liberia,2004,Road incidents (%),1
Liberia,2004,Liver disease (%),2
Libya,2004,Cardiovascular diseases (%),34.3
Libya,2004,Cancers (%),15.6
Libya,2004,Respiratory diseases (%),3.2
Libya,2004,Diabetes (%),8.9
Libya,2004,Dementia (%),4.2
Libya,2004,Lower respiratory infections (%),3.4
Libya,2004,Neonatal deaths (%),6
Libya,2004,Diarrheal diseases (%),0.5
Libya,2004,Road incidents (%),7.2
Libya,2004,Liver disease (%),2.1
Lithuania,2004,Cardiovascular diseases (%),52.3
Lithuania,2004,Cancers (%),19.1
Lithuania,2004,Respiratory diseases (%),2.5
Lithuania,2004,Diabetes (%),1.7
Lithuania,2004,Dementia (%),3
Lithuania,2004,Lower respiratory infections (%),1.3
Lithuania,2004,Neonatal deaths (%),0.2
Lithuania,2004,Diarrheal diseases (%),0
Lithuania,2004,Road incidents (%),2
Lithuania,2004,Liver disease (%),2.3
Luxembourg,2004,Cardiovascular diseases (%),38.1
Luxembourg,2004,Cancers (%),27.9
Luxembourg,2004,Respiratory diseases (%),5.3
Luxembourg,2004,Diabetes (%),4
Luxembourg,2004,Dementia (%),6.5
Luxembourg,2004,Lower respiratory infections (%),2.9
Luxembourg,2004,Neonatal deaths (%),0.2
Luxembourg,2004,Diarrheal diseases (%),0.3
Luxembourg,2004,Road incidents (%),1.3
Luxembourg,2004,Liver disease (%),2.5
Macedonia,2004,Cardiovascular diseases (%),60
Macedonia,2004,Cancers (%),19.4
Macedonia,2004,Respiratory diseases (%),3
Macedonia,2004,Diabetes (%),5.6
Macedonia,2004,Dementia (%),2.1
Macedonia,2004,Lower respiratory infections (%),0.8
Macedonia,2004,Neonatal deaths (%),0.9
Macedonia,2004,Diarrheal diseases (%),0.1
Macedonia,2004,Road incidents (%),0.9
Macedonia,2004,Liver disease (%),1
Madagascar,2004,Cardiovascular diseases (%),18.2
Madagascar,2004,Cancers (%),5.1
Madagascar,2004,Respiratory diseases (%),3.5
Madagascar,2004,Diabetes (%),2.2
Madagascar,2004,Dementia (%),0.6
Madagascar,2004,Lower respiratory infections (%),10.2
Madagascar,2004,Neonatal deaths (%),9.9
Madagascar,2004,Diarrheal diseases (%),13.2
Madagascar,2004,Road incidents (%),1.2
Madagascar,2004,Liver disease (%),1.5
Malawi,2004,Cardiovascular diseases (%),6.9
Malawi,2004,Cancers (%),5.3
Malawi,2004,Respiratory diseases (%),1.1
Malawi,2004,Diabetes (%),1.7
Malawi,2004,Dementia (%),0.4
Malawi,2004,Lower respiratory infections (%),8.3
Malawi,2004,Neonatal deaths (%),7.2
Malawi,2004,Diarrheal diseases (%),7.8
Malawi,2004,Road incidents (%),0.9
Malawi,2004,Liver disease (%),1
Malaysia,2004,Cardiovascular diseases (%),36
Malaysia,2004,Cancers (%),14.6
Malaysia,2004,Respiratory diseases (%),4.5
Malaysia,2004,Diabetes (%),6.6
Malaysia,2004,Dementia (%),3.6
Malaysia,2004,Lower respiratory infections (%),9.6
Malaysia,2004,Neonatal deaths (%),1.2
Malaysia,2004,Diarrheal diseases (%),0.4
Malaysia,2004,Road incidents (%),4.8
Malaysia,2004,Liver disease (%),1.8
Maldives,2004,Cardiovascular diseases (%),33.2
Maldives,2004,Cancers (%),9.7
Maldives,2004,Respiratory diseases (%),8.2
Maldives,2004,Diabetes (%),9.4
Maldives,2004,Dementia (%),2.9
Maldives,2004,Lower respiratory infections (%),2
Maldives,2004,Neonatal deaths (%),5.2
Maldives,2004,Diarrheal diseases (%),0.3
Maldives,2004,Road incidents (%),2.1
Maldives,2004,Liver disease (%),1.6
Mali,2004,Cardiovascular diseases (%),8.3
Mali,2004,Cancers (%),4.1
Mali,2004,Respiratory diseases (%),1.9
Mali,2004,Diabetes (%),2.5
Mali,2004,Dementia (%),0.5
Mali,2004,Lower respiratory infections (%),5.5
Mali,2004,Neonatal deaths (%),12.6
Mali,2004,Diarrheal diseases (%),17.3
Mali,2004,Road incidents (%),1
Mali,2004,Liver disease (%),1.3
Malta,2004,Cardiovascular diseases (%),42.5
Malta,2004,Cancers (%),23.9
Malta,2004,Respiratory diseases (%),4.5
Malta,2004,Diabetes (%),6.5
Malta,2004,Dementia (%),7
Malta,2004,Lower respiratory infections (%),4
Malta,2004,Neonatal deaths (%),0.4
Malta,2004,Diarrheal diseases (%),0
Malta,2004,Road incidents (%),0.7
Malta,2004,Liver disease (%),1.3
Mauritania,2004,Cardiovascular diseases (%),14.6
Mauritania,2004,Cancers (%),7.5
Mauritania,2004,Respiratory diseases (%),1.8
Mauritania,2004,Diabetes (%),4.2
Mauritania,2004,Dementia (%),1
Mauritania,2004,Lower respiratory infections (%),10.7
Mauritania,2004,Neonatal deaths (%),11.9
Mauritania,2004,Diarrheal diseases (%),11.3
Mauritania,2004,Road incidents (%),1.4
Mauritania,2004,Liver disease (%),2.1
Mauritius,2004,Cardiovascular diseases (%),43.5
Mauritius,2004,Cancers (%),11.6
Mauritius,2004,Respiratory diseases (%),5.3
Mauritius,2004,Diabetes (%),16
Mauritius,2004,Dementia (%),3.4
Mauritius,2004,Lower respiratory infections (%),2.8
Mauritius,2004,Neonatal deaths (%),1.9
Mauritius,2004,Diarrheal diseases (%),0.3
Mauritius,2004,Road incidents (%),1.9
Mauritius,2004,Liver disease (%),3.8
Mexico,2004,Cardiovascular diseases (%),20
Mexico,2004,Cancers (%),13.2
Mexico,2004,Respiratory diseases (%),4.7
Mexico,2004,Diabetes (%),16.6
Mexico,2004,Dementia (%),4.6
Mexico,2004,Lower respiratory infections (%),3.7
Mexico,2004,Neonatal deaths (%),4.4
Mexico,2004,Diarrheal diseases (%),1.4
Mexico,2004,Road incidents (%),3.8
Mexico,2004,Liver disease (%),6.2
Micronesia,2004,Cardiovascular diseases (%),34.8
Micronesia,2004,Cancers (%),10
Micronesia,2004,Respiratory diseases (%),7.1
Micronesia,2004,Diabetes (%),15.3
Micronesia,2004,Dementia (%),2.3
Micronesia,2004,Lower respiratory infections (%),5.3
Micronesia,2004,Neonatal deaths (%),2.9
Micronesia,2004,Diarrheal diseases (%),0.7
Micronesia,2004,Road incidents (%),2.3
Micronesia,2004,Liver disease (%),2.1
Moldova,2004,Cardiovascular diseases (%),55.9
Moldova,2004,Cancers (%),12.2
Moldova,2004,Respiratory diseases (%),3.7
Moldova,2004,Diabetes (%),1.8
Moldova,2004,Dementia (%),1.8
Moldova,2004,Lower respiratory infections (%),2.1
Moldova,2004,Neonatal deaths (%),0.7
Moldova,2004,Diarrheal diseases (%),0
Moldova,2004,Road incidents (%),1.5
Moldova,2004,Liver disease (%),7.7
Mongolia,2004,Cardiovascular diseases (%),39
Mongolia,2004,Cancers (%),17.5
Mongolia,2004,Respiratory diseases (%),2.1
Mongolia,2004,Diabetes (%),3.1
Mongolia,2004,Dementia (%),0.9
Mongolia,2004,Lower respiratory infections (%),5.5
Mongolia,2004,Neonatal deaths (%),3.9
Mongolia,2004,Diarrheal diseases (%),0
Mongolia,2004,Road incidents (%),2.8
Mongolia,2004,Liver disease (%),5.2
Montenegro,2004,Cardiovascular diseases (%),58.2
Montenegro,2004,Cancers (%),20.9
Montenegro,2004,Respiratory diseases (%),1
Montenegro,2004,Diabetes (%),4.9
Montenegro,2004,Dementia (%),3.2
Montenegro,2004,Lower respiratory infections (%),1
Montenegro,2004,Neonatal deaths (%),0.9
Montenegro,2004,Diarrheal diseases (%),0
Montenegro,2004,Road incidents (%),1.2
Montenegro,2004,Liver disease (%),0.8
Morocco,2004,Cardiovascular diseases (%),34.1
Morocco,2004,Cancers (%),9.9
Morocco,2004,Respiratory diseases (%),3.2
Morocco,2004,Diabetes (%),9.2
Morocco,2004,Dementia (%),3.3
Morocco,2004,Lower respiratory infections (%),4.2
Morocco,2004,Neonatal deaths (%),5.5
Morocco,2004,Diarrheal diseases (%),2.2
Morocco,2004,Road incidents (%),5.2
Morocco,2004,Liver disease (%),1.5
Mozambique,2004,Cardiovascular diseases (%),8.1
Mozambique,2004,Cancers (%),3.8
Mozambique,2004,Respiratory diseases (%),1.1
Mozambique,2004,Diabetes (%),1.9
Mozambique,2004,Dementia (%),0.6
Mozambique,2004,Lower respiratory infections (%),7.4
Mozambique,2004,Neonatal deaths (%),9
Mozambique,2004,Diarrheal diseases (%),5.4
Mozambique,2004,Road incidents (%),1.3
Mozambique,2004,Liver disease (%),0.6
Myanmar,2004,Cardiovascular diseases (%),20.2
Myanmar,2004,Cancers (%),12.9
Myanmar,2004,Respiratory diseases (%),6.9
Myanmar,2004,Diabetes (%),5.3
Myanmar,2004,Dementia (%),3
Myanmar,2004,Lower respiratory infections (%),7.7
Myanmar,2004,Neonatal deaths (%),5.7
Myanmar,2004,Diarrheal diseases (%),3.5
Myanmar,2004,Road incidents (%),3.3
Myanmar,2004,Liver disease (%),4.9
Namibia,2004,Cardiovascular diseases (%),11.6
Namibia,2004,Cancers (%),2.9
Namibia,2004,Respiratory diseases (%),2.7
Namibia,2004,Diabetes (%),4
Namibia,2004,Dementia (%),0.6
Namibia,2004,Lower respiratory infections (%),5.5
Namibia,2004,Neonatal deaths (%),4.2
Namibia,2004,Diarrheal diseases (%),4
Namibia,2004,Road incidents (%),2.4
Namibia,2004,Liver disease (%),0.6
Nepal,2004,Cardiovascular diseases (%),20.3
Nepal,2004,Cancers (%),6.7
Nepal,2004,Respiratory diseases (%),9.5
Nepal,2004,Diabetes (%),4.4
Nepal,2004,Dementia (%),1.1
Nepal,2004,Lower respiratory infections (%),9.2
Nepal,2004,Neonatal deaths (%),9.7
Nepal,2004,Diarrheal diseases (%),8.2
Nepal,2004,Road incidents (%),2.4
Nepal,2004,Liver disease (%),2
Netherlands,2004,Cardiovascular diseases (%),32.3
Netherlands,2004,Cancers (%),30.5
Netherlands,2004,Respiratory diseases (%),6.3
Netherlands,2004,Diabetes (%),5.8
Netherlands,2004,Dementia (%),7.3
Netherlands,2004,Lower respiratory infections (%),4.9
Netherlands,2004,Neonatal deaths (%),0.3
Netherlands,2004,Diarrheal diseases (%),0.2
Netherlands,2004,Road incidents (%),0.8
Netherlands,2004,Liver disease (%),1.3
New Zealand,2004,Cardiovascular diseases (%),37.5
New Zealand,2004,Cancers (%),29.1
New Zealand,2004,Respiratory diseases (%),6.8
New Zealand,2004,Diabetes (%),5.4
New Zealand,2004,Dementia (%),6.8
New Zealand,2004,Lower respiratory infections (%),1.7
New Zealand,2004,Neonatal deaths (%),0.5
New Zealand,2004,Diarrheal diseases (%),0.1
New Zealand,2004,Road incidents (%),1.6
New Zealand,2004,Liver disease (%),0.7
Nicaragua,2004,Cardiovascular diseases (%),22.8
Nicaragua,2004,Cancers (%),11.4
Nicaragua,2004,Respiratory diseases (%),3.2
Nicaragua,2004,Diabetes (%),11.8
Nicaragua,2004,Dementia (%),4
Nicaragua,2004,Lower respiratory infections (%),5.8
Nicaragua,2004,Neonatal deaths (%),6.7
Nicaragua,2004,Diarrheal diseases (%),3
Nicaragua,2004,Road incidents (%),3.4
Nicaragua,2004,Liver disease (%),4.1
Niger,2004,Cardiovascular diseases (%),6.6
Niger,2004,Cancers (%),3
Niger,2004,Respiratory diseases (%),1.1
Niger,2004,Diabetes (%),2.2
Niger,2004,Dementia (%),0.3
Niger,2004,Lower respiratory infections (%),12.2
Niger,2004,Neonatal deaths (%),8.7
Niger,2004,Diarrheal diseases (%),16
Niger,2004,Road incidents (%),0.9
Niger,2004,Liver disease (%),0.9
Nigeria,2004,Cardiovascular diseases (%),5.4
Nigeria,2004,Cancers (%),3.7
Nigeria,2004,Respiratory diseases (%),0.8
Nigeria,2004,Diabetes (%),2
Nigeria,2004,Dementia (%),0.3
Nigeria,2004,Lower respiratory infections (%),8
Nigeria,2004,Neonatal deaths (%),11.8
Nigeria,2004,Diarrheal diseases (%),12.8
Nigeria,2004,Road incidents (%),1
Nigeria,2004,Liver disease (%),1.5
North Korea,2004,Cardiovascular diseases (%),33.3
North Korea,2004,Cancers (%),20.6
North Korea,2004,Respiratory diseases (%),12
North Korea,2004,Diabetes (%),3.1
North Korea,2004,Dementia (%),2
North Korea,2004,Lower respiratory infections (%),3.4
North Korea,2004,Neonatal deaths (%),4.7
North Korea,2004,Diarrheal diseases (%),0.9
North Korea,2004,Road incidents (%),3.7
North Korea,2004,Liver disease (%),1.6
Norway,2004,Cardiovascular diseases (%),37.4
Norway,2004,Cancers (%),25.8
Norway,2004,Respiratory diseases (%),5.5
Norway,2004,Diabetes (%),4.2
Norway,2004,Dementia (%),9.6
Norway,2004,Lower respiratory infections (%),4.2
Norway,2004,Neonatal deaths (%),0.2
Norway,2004,Diarrheal diseases (%),0.5
Norway,2004,Road incidents (%),0.7
Norway,2004,Liver disease (%),0.8
Oman,2004,Cardiovascular diseases (%),37.4
Oman,2004,Cancers (%),8.2
Oman,2004,Respiratory diseases (%),1.6
Oman,2004,Diabetes (%),10.3
Oman,2004,Dementia (%),3.4
Oman,2004,Lower respiratory infections (%),4.8
Oman,2004,Neonatal deaths (%),4.7
Oman,2004,Diarrheal diseases (%),0.2
Oman,2004,Road incidents (%),15.9
Oman,2004,Liver disease (%),1.3
Pakistan,2004,Cardiovascular diseases (%),28.4
Pakistan,2004,Cancers (%),8.3
Pakistan,2004,Respiratory diseases (%),5.2
Pakistan,2004,Diabetes (%),4.9
Pakistan,2004,Dementia (%),0.9
Pakistan,2004,Lower respiratory infections (%),5.1
Pakistan,2004,Neonatal deaths (%),12.7
Pakistan,2004,Diarrheal diseases (%),5.3
Pakistan,2004,Road incidents (%),2.5
Pakistan,2004,Liver disease (%),2.1
Panama,2004,Cardiovascular diseases (%),26.9
Panama,2004,Cancers (%),17
Panama,2004,Respiratory diseases (%),4.3
Panama,2004,Diabetes (%),10.2
Panama,2004,Dementia (%),5.4
Panama,2004,Lower respiratory infections (%),3.9
Panama,2004,Neonatal deaths (%),3.1
Panama,2004,Diarrheal diseases (%),1.3
Panama,2004,Road incidents (%),3.9
Panama,2004,Liver disease (%),2.1
Papua New Guinea,2004,Cardiovascular diseases (%),23.5
Papua New Guinea,2004,Cancers (%),5.2
Papua New Guinea,2004,Respiratory diseases (%),12.5
Papua New Guinea,2004,Diabetes (%),6.2
Papua New Guinea,2004,Dementia (%),0.6
Papua New Guinea,2004,Lower respiratory infections (%),8
Papua New Guinea,2004,Neonatal deaths (%),5.4
Papua New Guinea,2004,Diarrheal diseases (%),4
Papua New Guinea,2004,Road incidents (%),2.8
Papua New Guinea,2004,Liver disease (%),2.5
Paraguay,2004,Cardiovascular diseases (%),28.2
Paraguay,2004,Cancers (%),15.2
Paraguay,2004,Respiratory diseases (%),3.1
Paraguay,2004,Diabetes (%),9.9
Paraguay,2004,Dementia (%),4.3
Paraguay,2004,Lower respiratory infections (%),4.9
Paraguay,2004,Neonatal deaths (%),6
Paraguay,2004,Diarrheal diseases (%),1.7
Paraguay,2004,Road incidents (%),3.8
Paraguay,2004,Liver disease (%),1.7
Peru,2004,Cardiovascular diseases (%),18.4
Peru,2004,Cancers (%),18
Peru,2004,Respiratory diseases (%),4.1
Peru,2004,Diabetes (%),7.2
Peru,2004,Dementia (%),3.2
Peru,2004,Lower respiratory infections (%),13.3
Peru,2004,Neonatal deaths (%),5.4
Peru,2004,Diarrheal diseases (%),1.3
Peru,2004,Road incidents (%),3.3
Peru,2004,Liver disease (%),3.9
Philippines,2004,Cardiovascular diseases (%),28.7
Philippines,2004,Cancers (%),10.3
Philippines,2004,Respiratory diseases (%),4.8
Philippines,2004,Diabetes (%),7.3
Philippines,2004,Dementia (%),1.9
Philippines,2004,Lower respiratory infections (%),10.2
Philippines,2004,Neonatal deaths (%),6.1
Philippines,2004,Diarrheal diseases (%),1.8
Philippines,2004,Road incidents (%),2
Philippines,2004,Liver disease (%),1.7
Poland,2004,Cardiovascular diseases (%),47.2
Poland,2004,Cancers (%),25.4
Poland,2004,Respiratory diseases (%),3.1
Poland,2004,Diabetes (%),3.3
Poland,2004,Dementia (%),3.5
Poland,2004,Lower respiratory infections (%),2.3
Poland,2004,Neonatal deaths (%),0.4
Poland,2004,Diarrheal diseases (%),0
Poland,2004,Road incidents (%),1.9
Poland,2004,Liver disease (%),2.2
Portugal,2004,Cardiovascular diseases (%),37.7
Portugal,2004,Cancers (%),24.3
Portugal,2004,Respiratory diseases (%),5.7
Portugal,2004,Diabetes (%),7.4
Portugal,2004,Dementia (%),7
Portugal,2004,Lower respiratory infections (%),4.7
Portugal,2004,Neonatal deaths (%),0.2
Portugal,2004,Diarrheal diseases (%),0.1
Portugal,2004,Road incidents (%),1.7
Portugal,2004,Liver disease (%),2.5
Puerto Rico,2004,Cardiovascular diseases (%),29.1
Puerto Rico,2004,Cancers (%),18
Puerto Rico,2004,Respiratory diseases (%),5.2
Puerto Rico,2004,Diabetes (%),15.4
Puerto Rico,2004,Dementia (%),5.7
Puerto Rico,2004,Lower respiratory infections (%),5.4
Puerto Rico,2004,Neonatal deaths (%),0.9
Puerto Rico,2004,Diarrheal diseases (%),0.2
Puerto Rico,2004,Road incidents (%),2.1
Puerto Rico,2004,Liver disease (%),3.5
Qatar,2004,Cardiovascular diseases (%),27.8
Qatar,2004,Cancers (%),12.5
Qatar,2004,Respiratory diseases (%),1.6
Qatar,2004,Diabetes (%),11.6
Qatar,2004,Dementia (%),2.2
Qatar,2004,Lower respiratory infections (%),1.5
Qatar,2004,Neonatal deaths (%),4.3
Qatar,2004,Diarrheal diseases (%),0.1
Qatar,2004,Road incidents (%),17.7
Qatar,2004,Liver disease (%),2.5
Romania,2004,Cardiovascular diseases (%),59
Romania,2004,Cancers (%),16.6
Romania,2004,Respiratory diseases (%),3.2
Romania,2004,Diabetes (%),1.9
Romania,2004,Dementia (%),2.7
Romania,2004,Lower respiratory infections (%),2.4
Romania,2004,Neonatal deaths (%),0.5
Romania,2004,Diarrheal diseases (%),0.1
Romania,2004,Road incidents (%),1.2
Romania,2004,Liver disease (%),4.2
Russia,2004,Cardiovascular diseases (%),57.1
Russia,2004,Cancers (%),13.6
Russia,2004,Respiratory diseases (%),2.2
Russia,2004,Diabetes (%),1.4
Russia,2004,Dementia (%),1.7
Russia,2004,Lower respiratory infections (%),2
Russia,2004,Neonatal deaths (%),0.3
Russia,2004,Diarrheal diseases (%),0
Russia,2004,Road incidents (%),1.9
Russia,2004,Liver disease (%),2.1
Rwanda,2004,Cardiovascular diseases (%),8.1
Rwanda,2004,Cancers (%),4.4
Rwanda,2004,Respiratory diseases (%),1.6
Rwanda,2004,Diabetes (%),2.2
Rwanda,2004,Dementia (%),0.6
Rwanda,2004,Lower respiratory infections (%),11.8
Rwanda,2004,Neonatal deaths (%),9.2
Rwanda,2004,Diarrheal diseases (%),9.1
Rwanda,2004,Road incidents (%),1.7
Rwanda,2004,Liver disease (%),1.2
Saint Lucia,2004,Cardiovascular diseases (%),31.3
Saint Lucia,2004,Cancers (%),17.7
Saint Lucia,2004,Respiratory diseases (%),4
Saint Lucia,2004,Diabetes (%),15
Saint Lucia,2004,Dementia (%),4.4
Saint Lucia,2004,Lower respiratory infections (%),4.1
Saint Lucia,2004,Neonatal deaths (%),2.9
Saint Lucia,2004,Diarrheal diseases (%),0.3
Saint Lucia,2004,Road incidents (%),2.6
Saint Lucia,2004,Liver disease (%),2.3
Saint Vincent and the Grenadines,2004,Cardiovascular diseases (%),34
Saint Vincent and the Grenadines,2004,Cancers (%),16.6
Saint Vincent and the Grenadines,2004,Respiratory diseases (%),2
Saint Vincent and the Grenadines,2004,Diabetes (%),15.6
Saint Vincent and the Grenadines,2004,Dementia (%),2.7
Saint Vincent and the Grenadines,2004,Lower respiratory infections (%),4.4
Saint Vincent and the Grenadines,2004,Neonatal deaths (%),3
Saint Vincent and the Grenadines,2004,Diarrheal diseases (%),0.4
Saint Vincent and the Grenadines,2004,Road incidents (%),1.4
Saint Vincent and the Grenadines,2004,Liver disease (%),1.6
Samoa,2004,Cardiovascular diseases (%),34.9
Samoa,2004,Cancers (%),10.5
Samoa,2004,Respiratory diseases (%),6.2
Samoa,2004,Diabetes (%),15.5
Samoa,2004,Dementia (%),3.3
Samoa,2004,Lower respiratory infections (%),5.9
Samoa,2004,Neonatal deaths (%),3.2
Samoa,2004,Diarrheal diseases (%),0.5
Samoa,2004,Road incidents (%),1.8
Samoa,2004,Liver disease (%),2
Sao Tome and Principe,2004,Cardiovascular diseases (%),18.5
Sao Tome and Principe,2004,Cancers (%),8.1
Sao Tome and Principe,2004,Respiratory diseases (%),6.8
Sao Tome and Principe,2004,Diabetes (%),5.6
Sao Tome and Principe,2004,Dementia (%),1.2
Sao Tome and Principe,2004,Lower respiratory infections (%),11.2
Sao Tome and Principe,2004,Neonatal deaths (%),7.1
Sao Tome and Principe,2004,Diarrheal diseases (%),5
Sao Tome and Principe,2004,Road incidents (%),1.5
Sao Tome and Principe,2004,Liver disease (%),4.6
Saudi Arabia,2004,Cardiovascular diseases (%),33.1
Saudi Arabia,2004,Cancers (%),9.3
Saudi Arabia,2004,Respiratory diseases (%),2.6
Saudi Arabia,2004,Diabetes (%),9
Saudi Arabia,2004,Dementia (%),3.4
Saudi Arabia,2004,Lower respiratory infections (%),5.4
Saudi Arabia,2004,Neonatal deaths (%),7.3
Saudi Arabia,2004,Diarrheal diseases (%),0.5
Saudi Arabia,2004,Road incidents (%),9.9
Saudi Arabia,2004,Liver disease (%),2.2
Senegal,2004,Cardiovascular diseases (%),13.2
Senegal,2004,Cancers (%),6.4
Senegal,2004,Respiratory diseases (%),2.1
Senegal,2004,Diabetes (%),4.3
Senegal,2004,Dementia (%),0.8
Senegal,2004,Lower respiratory infections (%),9.7
Senegal,2004,Neonatal deaths (%),11
Senegal,2004,Diarrheal diseases (%),8.2
Senegal,2004,Road incidents (%),1.6
Senegal,2004,Liver disease (%),1.9
Serbia,2004,Cardiovascular diseases (%),56.7
Serbia,2004,Cancers (%),20.8
Serbia,2004,Respiratory diseases (%),3.4
Serbia,2004,Diabetes (%),4.8
Serbia,2004,Dementia (%),2.5
Serbia,2004,Lower respiratory infections (%),0.9
Serbia,2004,Neonatal deaths (%),0.6
Serbia,2004,Diarrheal diseases (%),0
Serbia,2004,Road incidents (%),1
Serbia,2004,Liver disease (%),1.2
Seychelles,2004,Cardiovascular diseases (%),34.6
Seychelles,2004,Cancers (%),17.4
Seychelles,2004,Respiratory diseases (%),4.2
Seychelles,2004,Diabetes (%),8.9
Seychelles,2004,Dementia (%),4.4
Seychelles,2004,Lower respiratory infections (%),7.7
Seychelles,2004,Neonatal deaths (%),1.6
Seychelles,2004,Diarrheal diseases (%),0.3
Seychelles,2004,Road incidents (%),2.3
Seychelles,2004,Liver disease (%),2.8
Sierra Leone,2004,Cardiovascular diseases (%),8.5
Sierra Leone,2004,Cancers (%),3.7
Sierra Leone,2004,Respiratory diseases (%),1.2
Sierra Leone,2004,Diabetes (%),3
Sierra Leone,2004,Dementia (%),0.2
Sierra Leone,2004,Lower respiratory infections (%),10.9
Sierra Leone,2004,Neonatal deaths (%),9.9
Sierra Leone,2004,Diarrheal diseases (%),11.5
Sierra Leone,2004,Road incidents (%),1.2
Sierra Leone,2004,Liver disease (%),2.1
Singapore,2004,Cardiovascular diseases (%),33.7
Singapore,2004,Cancers (%),27.4
Singapore,2004,Respiratory diseases (%),4
Singapore,2004,Diabetes (%),6.4
Singapore,2004,Dementia (%),6.7
Singapore,2004,Lower respiratory infections (%),10.9
Singapore,2004,Neonatal deaths (%),0.2
Singapore,2004,Diarrheal diseases (%),0.1
Singapore,2004,Road incidents (%),1.2
Singapore,2004,Liver disease (%),0.9
Slovakia,2004,Cardiovascular diseases (%),53.3
Slovakia,2004,Cancers (%),22
Slovakia,2004,Respiratory diseases (%),1.9
Slovakia,2004,Diabetes (%),3.2
Slovakia,2004,Dementia (%),3
Slovakia,2004,Lower respiratory infections (%),3.2
Slovakia,2004,Neonatal deaths (%),0.4
Slovakia,2004,Diarrheal diseases (%),0
Slovakia,2004,Road incidents (%),1.4
Slovakia,2004,Liver disease (%),3
Slovenia,2004,Cardiovascular diseases (%),38.9
Slovenia,2004,Cancers (%),28.1
Slovenia,2004,Respiratory diseases (%),3.7
Slovenia,2004,Diabetes (%),4.2
Slovenia,2004,Dementia (%),4.2
Slovenia,2004,Lower respiratory infections (%),3.3
Slovenia,2004,Neonatal deaths (%),0.2
Slovenia,2004,Diarrheal diseases (%),0
Slovenia,2004,Road incidents (%),1.5
Slovenia,2004,Liver disease (%),3.8
Solomon Islands,2004,Cardiovascular diseases (%),30.3
Solomon Islands,2004,Cancers (%),7.6
Solomon Islands,2004,Respiratory diseases (%),7.4
Solomon Islands,2004,Diabetes (%),11
Solomon Islands,2004,Dementia (%),1.1
Solomon Islands,2004,Lower respiratory infections (%),5.4
Solomon Islands,2004,Neonatal deaths (%),4.3
Solomon Islands,2004,Diarrheal diseases (%),2.4
Solomon Islands,2004,Road incidents (%),2
Solomon Islands,2004,Liver disease (%),1.6
Somalia,2004,Cardiovascular diseases (%),13.8
Somalia,2004,Cancers (%),5.7
Somalia,2004,Respiratory diseases (%),1.8
Somalia,2004,Diabetes (%),2.8
Somalia,2004,Dementia (%),0.6
Somalia,2004,Lower respiratory infections (%),11
Somalia,2004,Neonatal deaths (%),6.1
Somalia,2004,Diarrheal diseases (%),6.8
Somalia,2004,Road incidents (%),1.4
Somalia,2004,Liver disease (%),1.5
South Africa,2004,Cardiovascular diseases (%),11
South Africa,2004,Cancers (%),5.6
South Africa,2004,Respiratory diseases (%),2.9
South Africa,2004,Diabetes (%),5.5
South Africa,2004,Dementia (%),0.9
South Africa,2004,Lower respiratory infections (%),5.4
South Africa,2004,Neonatal deaths (%),2.6
South Africa,2004,Diarrheal diseases (%),2.8
South Africa,2004,Road incidents (%),3.4
South Africa,2004,Liver disease (%),0.7
South Korea,2004,Cardiovascular diseases (%),26.8
South Korea,2004,Cancers (%),29.7
South Korea,2004,Respiratory diseases (%),4
South Korea,2004,Diabetes (%),7.6
South Korea,2004,Dementia (%),6.7
South Korea,2004,Lower respiratory infections (%),2.4
South Korea,2004,Neonatal deaths (%),0.4
South Korea,2004,Diarrheal diseases (%),0.2
South Korea,2004,Road incidents (%),3.6
South Korea,2004,Liver disease (%),4.1
South Sudan,2004,Cardiovascular diseases (%),7.8
South Sudan,2004,Cancers (%),3.8
South Sudan,2004,Respiratory diseases (%),1.2
South Sudan,2004,Diabetes (%),1.9
South Sudan,2004,Dementia (%),0.4
South Sudan,2004,Lower respiratory infections (%),10.7
South Sudan,2004,Neonatal deaths (%),8.4
South Sudan,2004,Diarrheal diseases (%),8.1
South Sudan,2004,Road incidents (%),0.9
South Sudan,2004,Liver disease (%),0.8
Spain,2004,Cardiovascular diseases (%),33
Spain,2004,Cancers (%),26.5
Spain,2004,Respiratory diseases (%),7.8
Spain,2004,Diabetes (%),6
Spain,2004,Dementia (%),10.7
Spain,2004,Lower respiratory infections (%),2.5
Spain,2004,Neonatal deaths (%),0.2
Spain,2004,Diarrheal diseases (%),0.1
Spain,2004,Road incidents (%),1.4
Spain,2004,Liver disease (%),2.2
Sri Lanka,2004,Cardiovascular diseases (%),25.5
Sri Lanka,2004,Cancers (%),8.3
Sri Lanka,2004,Respiratory diseases (%),6.8
Sri Lanka,2004,Diabetes (%),7.9
Sri Lanka,2004,Dementia (%),3.2
Sri Lanka,2004,Lower respiratory infections (%),2.8
Sri Lanka,2004,Neonatal deaths (%),1.8
Sri Lanka,2004,Diarrheal diseases (%),0.6
Sri Lanka,2004,Road incidents (%),2
Sri Lanka,2004,Liver disease (%),3.2
Sudan,2004,Cardiovascular diseases (%),25.4
Sudan,2004,Cancers (%),5.5
Sudan,2004,Respiratory diseases (%),2.8
Sudan,2004,Diabetes (%),4.4
Sudan,2004,Dementia (%),1.2
Sudan,2004,Lower respiratory infections (%),5.8
Sudan,2004,Neonatal deaths (%),10.7
Sudan,2004,Diarrheal diseases (%),5
Sudan,2004,Road incidents (%),5.8
Sudan,2004,Liver disease (%),1.7
Suriname,2004,Cardiovascular diseases (%),32.1
Suriname,2004,Cancers (%),12.6
Suriname,2004,Respiratory diseases (%),2.6
Suriname,2004,Diabetes (%),10.2
Suriname,2004,Dementia (%),2.2
Suriname,2004,Lower respiratory infections (%),4.7
Suriname,2004,Neonatal deaths (%),7.1
Suriname,2004,Diarrheal diseases (%),1.5
Suriname,2004,Road incidents (%),2.8
Suriname,2004,Liver disease (%),2.1
Swaziland,2004,Cardiovascular diseases (%),8.2
Swaziland,2004,Cancers (%),3.6
Swaziland,2004,Respiratory diseases (%),2.2
Swaziland,2004,Diabetes (%),4.3
Swaziland,2004,Dementia (%),0.3
Swaziland,2004,Lower respiratory infections (%),6
Swaziland,2004,Neonatal deaths (%),3.3
Swaziland,2004,Diarrheal diseases (%),4.8
Swaziland,2004,Road incidents (%),2.3
Swaziland,2004,Liver disease (%),0.6
Sweden,2004,Cardiovascular diseases (%),43.1
Sweden,2004,Cancers (%),24.4
Sweden,2004,Respiratory diseases (%),4.1
Sweden,2004,Diabetes (%),4.1
Sweden,2004,Dementia (%),9.1
Sweden,2004,Lower respiratory infections (%),3
Sweden,2004,Neonatal deaths (%),0.1
Sweden,2004,Diarrheal diseases (%),0.3
Sweden,2004,Road incidents (%),0.6
Sweden,2004,Liver disease (%),1
Switzerland,2004,Cardiovascular diseases (%),37.4
Switzerland,2004,Cancers (%),25.9
Switzerland,2004,Respiratory diseases (%),4.4
Switzerland,2004,Diabetes (%),4.8
Switzerland,2004,Dementia (%),10.2
Switzerland,2004,Lower respiratory infections (%),2.6
Switzerland,2004,Neonatal deaths (%),0.3
Switzerland,2004,Diarrheal diseases (%),0.1
Switzerland,2004,Road incidents (%),0.8
Switzerland,2004,Liver disease (%),1.5
Syria,2004,Cardiovascular diseases (%),52.5
Syria,2004,Cancers (%),8.9
Syria,2004,Respiratory diseases (%),4
Syria,2004,Diabetes (%),6.6
Syria,2004,Dementia (%),3.5
Syria,2004,Lower respiratory infections (%),2.6
Syria,2004,Neonatal deaths (%),4.4
Syria,2004,Diarrheal diseases (%),0.2
Syria,2004,Road incidents (%),3.5
Syria,2004,Liver disease (%),1.6
Taiwan,2004,Cardiovascular diseases (%),26.6
Taiwan,2004,Cancers (%),28
Taiwan,2004,Respiratory diseases (%),3.1
Taiwan,2004,Diabetes (%),13
Taiwan,2004,Dementia (%),5
Taiwan,2004,Lower respiratory infections (%),3.7
Taiwan,2004,Neonatal deaths (%),0.4
Taiwan,2004,Diarrheal diseases (%),0.1
Taiwan,2004,Road incidents (%),3.4
Taiwan,2004,Liver disease (%),4.2
Tajikistan,2004,Cardiovascular diseases (%),39.7
Tajikistan,2004,Cancers (%),7.4
Tajikistan,2004,Respiratory diseases (%),4
Tajikistan,2004,Diabetes (%),3.7
Tajikistan,2004,Dementia (%),1.1
Tajikistan,2004,Lower respiratory infections (%),11.3
Tajikistan,2004,Neonatal deaths (%),7.2
Tajikistan,2004,Diarrheal diseases (%),4.5
Tajikistan,2004,Road incidents (%),1.3
Tajikistan,2004,Liver disease (%),3
Tanzania,2004,Cardiovascular diseases (%),8.9
Tanzania,2004,Cancers (%),4.7
Tanzania,2004,Respiratory diseases (%),1.2
Tanzania,2004,Diabetes (%),2.3
Tanzania,2004,Dementia (%),0.6
Tanzania,2004,Lower respiratory infections (%),10.4
Tanzania,2004,Neonatal deaths (%),8.3
Tanzania,2004,Diarrheal diseases (%),6.8
Tanzania,2004,Road incidents (%),1.2
Tanzania,2004,Liver disease (%),1.2
Thailand,2004,Cardiovascular diseases (%),21.3
Thailand,2004,Cancers (%),18.7
Thailand,2004,Respiratory diseases (%),5.3
Thailand,2004,Diabetes (%),10
Thailand,2004,Dementia (%),4.2
Thailand,2004,Lower respiratory infections (%),4.8
Thailand,2004,Neonatal deaths (%),1
Thailand,2004,Diarrheal diseases (%),0.9
Thailand,2004,Road incidents (%),5.8
Thailand,2004,Liver disease (%),2.7
Timor,2004,Cardiovascular diseases (%),21.2
Timor,2004,Cancers (%),7.2
Timor,2004,Respiratory diseases (%),4.3
Timor,2004,Diabetes (%),3.5
Timor,2004,Dementia (%),1.3
Timor,2004,Lower respiratory infections (%),9.4
Timor,2004,Neonatal deaths (%),9.3
Timor,2004,Diarrheal diseases (%),11.3
Timor,2004,Road incidents (%),1.8
Timor,2004,Liver disease (%),1.5
Togo,2004,Cardiovascular diseases (%),10.8
Togo,2004,Cancers (%),4.9
Togo,2004,Respiratory diseases (%),1.7
Togo,2004,Diabetes (%),2.9
Togo,2004,Dementia (%),0.5
Togo,2004,Lower respiratory infections (%),8.8
Togo,2004,Neonatal deaths (%),8.9
Togo,2004,Diarrheal diseases (%),6.8
Togo,2004,Road incidents (%),1.4
Togo,2004,Liver disease (%),1.9
Tonga,2004,Cardiovascular diseases (%),24.1
Tonga,2004,Cancers (%),16.4
Tonga,2004,Respiratory diseases (%),6.3
Tonga,2004,Diabetes (%),17.6
Tonga,2004,Dementia (%),3.1
Tonga,2004,Lower respiratory infections (%),5.5
Tonga,2004,Neonatal deaths (%),4.5
Tonga,2004,Diarrheal diseases (%),0.6
Tonga,2004,Road incidents (%),2
Tonga,2004,Liver disease (%),1.7
Trinidad and Tobago,2004,Cardiovascular diseases (%),35.2
Trinidad and Tobago,2004,Cancers (%),14.5
Trinidad and Tobago,2004,Respiratory diseases (%),2.2
Trinidad and Tobago,2004,Diabetes (%),18.6
Trinidad and Tobago,2004,Dementia (%),2.6
Trinidad and Tobago,2004,Lower respiratory infections (%),2.9
Trinidad and Tobago,2004,Neonatal deaths (%),2.9
Trinidad and Tobago,2004,Diarrheal diseases (%),0.3
Trinidad and Tobago,2004,Road incidents (%),2.5
Trinidad and Tobago,2004,Liver disease (%),1.6
Tunisia,2004,Cardiovascular diseases (%),39.3
Tunisia,2004,Cancers (%),16.1
Tunisia,2004,Respiratory diseases (%),4
Tunisia,2004,Diabetes (%),8.7
Tunisia,2004,Dementia (%),5.8
Tunisia,2004,Lower respiratory infections (%),3.7
Tunisia,2004,Neonatal deaths (%),3.6
Tunisia,2004,Diarrheal diseases (%),0.3
Tunisia,2004,Road incidents (%),5.5
Tunisia,2004,Liver disease (%),1.9
Turkey,2004,Cardiovascular diseases (%),31.6
Turkey,2004,Cancers (%),20.8
Turkey,2004,Respiratory diseases (%),5.7
Turkey,2004,Diabetes (%),8.3
Turkey,2004,Dementia (%),7.7
Turkey,2004,Lower respiratory infections (%),2.7
Turkey,2004,Neonatal deaths (%),5.4
Turkey,2004,Diarrheal diseases (%),0.7
Turkey,2004,Road incidents (%),2.7
Turkey,2004,Liver disease (%),1.4
Turkmenistan,2004,Cardiovascular diseases (%),46.7
Turkmenistan,2004,Cancers (%),7.1
Turkmenistan,2004,Respiratory diseases (%),1.9
Turkmenistan,2004,Diabetes (%),4.2
Turkmenistan,2004,Dementia (%),1.1
Turkmenistan,2004,Lower respiratory infections (%),9
Turkmenistan,2004,Neonatal deaths (%),5.7
Turkmenistan,2004,Diarrheal diseases (%),1.6
Turkmenistan,2004,Road incidents (%),1.9
Turkmenistan,2004,Liver disease (%),4.7
Uganda,2004,Cardiovascular diseases (%),7.3
Uganda,2004,Cancers (%),4.7
Uganda,2004,Respiratory diseases (%),1.3
Uganda,2004,Diabetes (%),2
Uganda,2004,Dementia (%),0.4
Uganda,2004,Lower respiratory infections (%),6.7
Uganda,2004,Neonatal deaths (%),9.3
Uganda,2004,Diarrheal diseases (%),4.5
Uganda,2004,Road incidents (%),1.2
Uganda,2004,Liver disease (%),1
Ukraine,2004,Cardiovascular diseases (%),62.6
Ukraine,2004,Cancers (%),13.1
Ukraine,2004,Respiratory diseases (%),3.3
Ukraine,2004,Diabetes (%),1.1
Ukraine,2004,Dementia (%),2
Ukraine,2004,Lower respiratory infections (%),1.1
Ukraine,2004,Neonatal deaths (%),0.4
Ukraine,2004,Diarrheal diseases (%),0
Ukraine,2004,Road incidents (%),1.5
Ukraine,2004,Liver disease (%),2.6
United Arab Emirates,2004,Cardiovascular diseases (%),30.7
United Arab Emirates,2004,Cancers (%),11.1
United Arab Emirates,2004,Respiratory diseases (%),4.8
United Arab Emirates,2004,Diabetes (%),7.9
United Arab Emirates,2004,Dementia (%),1.4
United Arab Emirates,2004,Lower respiratory infections (%),2.1
United Arab Emirates,2004,Neonatal deaths (%),2.5
United Arab Emirates,2004,Diarrheal diseases (%),0.2
United Arab Emirates,2004,Road incidents (%),15.7
United Arab Emirates,2004,Liver disease (%),1.3
United Kingdom,2004,Cardiovascular diseases (%),36.3
United Kingdom,2004,Cancers (%),27.1
United Kingdom,2004,Respiratory diseases (%),7.1
United Kingdom,2004,Diabetes (%),3.5
United Kingdom,2004,Dementia (%),7.9
United Kingdom,2004,Lower respiratory infections (%),6.1
United Kingdom,2004,Neonatal deaths (%),0.3
United Kingdom,2004,Diarrheal diseases (%),0.3
United Kingdom,2004,Road incidents (%),0.7
United Kingdom,2004,Liver disease (%),1.5
United States,2004,Cardiovascular diseases (%),35.8
United States,2004,Cancers (%),24.1
United States,2004,Respiratory diseases (%),6.3
United States,2004,Diabetes (%),6.9
United States,2004,Dementia (%),7.3
United States,2004,Lower respiratory infections (%),3.2
United States,2004,Neonatal deaths (%),0.6
United States,2004,Diarrheal diseases (%),0.2
United States,2004,Road incidents (%),2
United States,2004,Liver disease (%),1.9
United States Virgin Islands,2004,Cardiovascular diseases (%),38.2
United States Virgin Islands,2004,Cancers (%),22.3
United States Virgin Islands,2004,Respiratory diseases (%),2.4
United States Virgin Islands,2004,Diabetes (%),10.7
United States Virgin Islands,2004,Dementia (%),3.2
United States Virgin Islands,2004,Lower respiratory infections (%),2.7
United States Virgin Islands,2004,Neonatal deaths (%),1
United States Virgin Islands,2004,Diarrheal diseases (%),0.1
United States Virgin Islands,2004,Road incidents (%),1.7
United States Virgin Islands,2004,Liver disease (%),2.8
Uruguay,2004,Cardiovascular diseases (%),34.6
Uruguay,2004,Cancers (%),27.2
Uruguay,2004,Respiratory diseases (%),6.2
Uruguay,2004,Diabetes (%),5.6
Uruguay,2004,Dementia (%),4.5
Uruguay,2004,Lower respiratory infections (%),4.6
Uruguay,2004,Neonatal deaths (%),0.9
Uruguay,2004,Diarrheal diseases (%),0.3
Uruguay,2004,Road incidents (%),1.7
Uruguay,2004,Liver disease (%),1.7
Uzbekistan,2004,Cardiovascular diseases (%),52.7
Uzbekistan,2004,Cancers (%),7.5
Uzbekistan,2004,Respiratory diseases (%),3.4
Uzbekistan,2004,Diabetes (%),4.1
Uzbekistan,2004,Dementia (%),1.3
Uzbekistan,2004,Lower respiratory infections (%),7.8
Uzbekistan,2004,Neonatal deaths (%),3.6
Uzbekistan,2004,Diarrheal diseases (%),0.2
Uzbekistan,2004,Road incidents (%),2
Uzbekistan,2004,Liver disease (%),4.8
Vanuatu,2004,Cardiovascular diseases (%),34.9
Vanuatu,2004,Cancers (%),7.3
Vanuatu,2004,Respiratory diseases (%),7.2
Vanuatu,2004,Diabetes (%),8.9
Vanuatu,2004,Dementia (%),1.3
Vanuatu,2004,Lower respiratory infections (%),6.9
Vanuatu,2004,Neonatal deaths (%),5.8
Vanuatu,2004,Diarrheal diseases (%),2.6
Vanuatu,2004,Road incidents (%),2
Vanuatu,2004,Liver disease (%),1.6
Venezuela,2004,Cardiovascular diseases (%),28.2
Venezuela,2004,Cancers (%),15.8
Venezuela,2004,Respiratory diseases (%),3
Venezuela,2004,Diabetes (%),8.8
Venezuela,2004,Dementia (%),3.6
Venezuela,2004,Lower respiratory infections (%),3
Venezuela,2004,Neonatal deaths (%),4.3
Venezuela,2004,Diarrheal diseases (%),1.5
Venezuela,2004,Road incidents (%),5.4
Venezuela,2004,Liver disease (%),2.1
Vietnam,2004,Cardiovascular diseases (%),33.1
Vietnam,2004,Cancers (%),16.1
Vietnam,2004,Respiratory diseases (%),6
Vietnam,2004,Diabetes (%),7.2
Vietnam,2004,Dementia (%),5
Vietnam,2004,Lower respiratory infections (%),3.4
Vietnam,2004,Neonatal deaths (%),1.9
Vietnam,2004,Diarrheal diseases (%),0.6
Vietnam,2004,Road incidents (%),3.8
Vietnam,2004,Liver disease (%),2.7
Yemen,2004,Cardiovascular diseases (%),27.3
Yemen,2004,Cancers (%),5.6
Yemen,2004,Respiratory diseases (%),3.1
Yemen,2004,Diabetes (%),4.1
Yemen,2004,Dementia (%),1.4
Yemen,2004,Lower respiratory infections (%),6
Yemen,2004,Neonatal deaths (%),13.3
Yemen,2004,Diarrheal diseases (%),10.6
Yemen,2004,Road incidents (%),6.4
Yemen,2004,Liver disease (%),1.1
Zambia,2004,Cardiovascular diseases (%),8.9
Zambia,2004,Cancers (%),3.9
Zambia,2004,Respiratory diseases (%),1.3
Zambia,2004,Diabetes (%),2.1
Zambia,2004,Dementia (%),0.4
Zambia,2004,Lower respiratory infections (%),8.4
Zambia,2004,Neonatal deaths (%),5.6
Zambia,2004,Diarrheal diseases (%),8.4
Zambia,2004,Road incidents (%),1.2
Zambia,2004,Liver disease (%),1.3
Zimbabwe,2004,Cardiovascular diseases (%),7.8
Zimbabwe,2004,Cancers (%),5.6
Zimbabwe,2004,Respiratory diseases (%),1.6
Zimbabwe,2004,Diabetes (%),3
Zimbabwe,2004,Dementia (%),0.6
Zimbabwe,2004,Lower respiratory infections (%),5.5
Zimbabwe,2004,Neonatal deaths (%),4
Zimbabwe,2004,Diarrheal diseases (%),2.8
Zimbabwe,2004,Road incidents (%),1.6
Zimbabwe,2004,Liver disease (%),0.6
